series,date,division,sales,volume,volume_sa
abs,2018-01-01,45,11655.008,97.962,99.443
abs,2018-02-01,45,10543.761,92.269,100.018
abs,2018-03-01,45,12277.502,100.481,95.483
abs,2018-04-01,45,12065.678,95.694,101.999
abs,2018-05-01,45,12307.823,99.772,100.375
abs,2018-06-01,45,13019.352,108.963,104.838
abs,2018-07-01,45,13861.213,114.082,109.458
abs,2018-08-01,45,13467.496,109.77,106.64
abs,2018-09-01,45,11164.121,93.26,94.121
abs,2018-10-01,45,12132.165,100.398,101.043
abs,2018-11-01,45,12286.916,101.941,101.546
abs,2018-12-01,45,11897.562,98.443,97.417
abs,2019-01-01,45,12211.02,103.443,104.631
abs,2019-02-01,45,10781.999,95.802,103.609
abs,2019-03-01,45,12593.6,104.372,101.701
abs,2019-04-01,45,12336.685,99.09,105.665
abs,2019-05-01,45,13425.407,108.889,107.797
abs,2019-06-01,45,12699.94,108.835,104.596
abs,2019-07-01,45,13628.286,114.471,106.417
abs,2019-08-01,45,13618.577,111.309,106.223
abs,2019-09-01,45,11656.361,97.458,101.195
abs,2019-10-01,45,12584.486,103.726,104.751
abs,2019-11-01,45,12651.684,105.244,104.869
abs,2019-12-01,45,12435.481,102.784,103.888
abs,2020-01-01,45,12329.083,104.348,104.067
abs,2020-02-01,45,11164.289,99.263,101.802
abs,2020-03-01,45,10672.469,89.328,84.709
abs,2020-04-01,45,837.78,6.321,7.15
abs,2020-05-01,45,6777.317,54.568,60.234
abs,2020-06-01,45,12124.081,103.779,107.773
abs,2020-07-01,45,13860.418,116.544,110.23
abs,2020-08-01,45,13757.128,112.274,110.167
abs,2020-09-01,45,13647.65,112.196,112.995
abs,2020-10-01,45,12859.067,105.444,101.277
abs,2020-11-01,45,12797.459,106.327,101.704
abs,2020-12-01,45,14268.878,117.941,110.104
abs,2021-01-01,45,10801.902,94.577,90.263
abs,2021-02-01,45,11158.706,98.159,100.23
abs,2021-03-01,45,15016.046,124.296,109.812
abs,2021-04-01,45,13833.879,112.939,128.892
abs,2021-05-01,45,11594.873,90.65,101.248
abs,2021-06-01,45,925.299,7.459,7.833
abs,2021-07-01,45,2022.964,13.798,13.084
abs,2021-08-01,45,5828.402,46.668,45.391
abs,2021-09-01,45,10795.707,85.627,84.442
abs,2021-10-01,45,14167.011,116.586,107.669
abs,2021-11-01,45,13382.989,110.177,104.573
abs,2021-12-01,45,14577.016,121.268,110.835
abs,2022-01-01,45,12634.373,107.656,103.605
abs,2022-02-01,45,12456.306,104.921,106.938
abs,2022-03-01,45,16681.663,132.372,115.839
abs,2022-04-01,45,15402.076,121.12,133.592
abs,2022-05-01,45,13929.793,108.383,134.038
abs,2022-06-01,45,16126.537,121.579,129.127
abs,2022-07-01,45,14115.075,105.841,115.467
abs,2022-08-01,45,16514.091,125.14,131.338
abs,2022-09-01,45,16323.414,123.407,119.01
abs,2022-10-01,45,15421.701,117.982,110.025
abs,2022-11-01,45,16036.304,121.511,113.944
abs,2022-12-01,45,17531.675,132.993,116.138
abs,2023-01-01,45,15179.481,117.596,119.891
abs,2023-02-01,45,16485.452,126.869,122.024
abs,2023-03-01,45,18228.99,139.804,127.599
abs,2023-04-01,45,14623.086,110.234,122.166
abs,2023-05-01,45,16996.587,127.859,156.556
abs,2023-06-01,45,16677.145,125.347,142.43
abs,2023-07-01,45,16919.092,127.434,157.505
abs,2023-08-01,45,18121.692,136.062,150.486
abs,2023-09-01,45,17465.87,130.726,130.257
abs,2023-10-01,45,18374.66,136.603,130.247
abs,2023-11-01,45,18072.029,134.22,123.697
abs,2023-12-01,45,18561.722,138.169,120.72
abs,2024-01-01,45,17615.044,131.825,133.989
abs,2024-02-01,45,17371.134,130.228,130.393
abs,2024-03-01,45,18812.629,140.181,117.462
abs,2024-04-01,45,17269.677,129.119,119.504
abs,2024-05-01,45,18781.69,140.111,169.459
abs,2024-06-01,45,17009.112,126.91,143.103
abs,2024-07-01,45,18988.316,141.14,163.002
abs,2024-08-01,45,18867.09,139.94,154.433
abs,2024-09-01,45,17292.258,127.643,136.211
abs,2024-10-01,45,18872.608,138.851,134.489
abs,2024-11-01,45,18328.22,134.502,125.173
abs,2024-12-01,45,19850.341,145.723,128.663
abs,2025-01-01,45,16009.045,117.143,117.143
abs,2025-02-01,45,17626.344,129.224,129.224
abs,2025-03-01,45,19242.927,141.465,141.465
abs,2025-04-01,45,17625.664,130.16,130.16
abs,2025-05-01,45,19069.278,140.642,140.642
abs,2025-06-01,45,17132.599,126.162,126.162
abs,2025-07-01,45,19286.21,142.437,142.437
abs,2025-08-01,45,19618.243,144.268,144.268
abs,2025-09-01,45,18040.62,131.902,131.902
abs,2025-10-01,45,20412.182,148.899,148.899
abs,2025-11-01,45,19789.915,143.701,143.701
abs,2025-12-01,45,22277.154,161.726,161.726
abs,2026-01-01,45,18779.926,135.769,135.769
abs,2026-02-01,45,16695.808,120.777,120.777
growth_yoy,2019-01-01,45,4.771,5.595,
growth_yoy,2019-02-01,45,2.26,3.829,
growth_yoy,2019-03-01,45,2.575,3.872,
growth_yoy,2019-04-01,45,2.246,3.549,
growth_yoy,2019-05-01,45,9.08,9.139,
growth_yoy,2019-06-01,45,-2.453,-0.117,
growth_yoy,2019-07-01,45,-1.68,0.341,
growth_yoy,2019-08-01,45,1.122,1.402,
growth_yoy,2019-09-01,45,4.409,4.502,
growth_yoy,2019-10-01,45,3.728,3.315,
growth_yoy,2019-11-01,45,2.969,3.241,
growth_yoy,2019-12-01,45,4.521,4.41,
growth_yoy,2020-01-01,45,0.967,0.874,
growth_yoy,2020-02-01,45,3.546,3.613,
growth_yoy,2020-03-01,45,-15.255,-14.414,
growth_yoy,2020-04-01,45,-93.209,-93.621,
growth_yoy,2020-05-01,45,-49.519,-49.886,
growth_yoy,2020-06-01,45,-4.534,-4.646,
growth_yoy,2020-07-01,45,1.703,1.81,
growth_yoy,2020-08-01,45,1.017,0.867,
growth_yoy,2020-09-01,45,17.083,15.122,
growth_yoy,2020-10-01,45,2.182,1.656,
growth_yoy,2020-11-01,45,1.152,1.028,
growth_yoy,2020-12-01,45,14.743,14.746,
growth_yoy,2021-01-01,45,-12.387,-9.364,
growth_yoy,2021-02-01,45,-0.05,-1.112,
growth_yoy,2021-03-01,45,40.699,39.146,
growth_yoy,2021-04-01,45,1551.254,1686.782,
growth_yoy,2021-05-01,45,71.084,66.122,
growth_yoy,2021-06-01,45,-92.368,-92.812,
growth_yoy,2021-07-01,45,-85.405,-88.161,
growth_yoy,2021-08-01,45,-57.634,-58.434,
growth_yoy,2021-09-01,45,-20.897,-23.681,
growth_yoy,2021-10-01,45,10.171,10.567,
growth_yoy,2021-11-01,45,4.575,3.621,
growth_yoy,2021-12-01,45,2.16,2.821,
growth_yoy,2022-01-01,45,16.964,13.829,
growth_yoy,2022-02-01,45,11.629,6.889,
growth_yoy,2022-03-01,45,11.092,6.497,
growth_yoy,2022-04-01,45,11.336,7.243,
growth_yoy,2022-05-01,45,20.138,19.562,
growth_yoy,2022-06-01,45,1642.845,1529.905,
growth_yoy,2022-07-01,45,597.742,667.073,
growth_yoy,2022-08-01,45,183.338,168.15,
growth_yoy,2022-09-01,45,51.203,44.122,
growth_yoy,2022-10-01,45,8.856,1.197,
growth_yoy,2022-11-01,45,19.826,10.287,
growth_yoy,2022-12-01,45,20.269,9.669,
growth_yoy,2023-01-01,45,20.144,9.233,
growth_yoy,2023-02-01,45,32.346,20.918,
growth_yoy,2023-03-01,45,9.276,5.615,
growth_yoy,2023-04-01,45,-5.058,-8.988,
growth_yoy,2023-05-01,45,22.016,17.969,
growth_yoy,2023-06-01,45,3.414,3.099,
growth_yoy,2023-07-01,45,19.865,20.401,
growth_yoy,2023-08-01,45,9.735,8.728,
growth_yoy,2023-09-01,45,6.999,5.931,
growth_yoy,2023-10-01,45,19.148,15.783,
growth_yoy,2023-11-01,45,12.694,10.459,
growth_yoy,2023-12-01,45,5.875,3.892,
growth_yoy,2024-01-01,45,16.045,12.099,
growth_yoy,2024-02-01,45,5.373,2.648,
growth_yoy,2024-03-01,45,3.202,0.27,
growth_yoy,2024-04-01,45,18.099,17.132,
growth_yoy,2024-05-01,45,10.503,9.582,
growth_yoy,2024-06-01,45,1.991,1.247,
growth_yoy,2024-07-01,45,12.23,10.755,
growth_yoy,2024-08-01,45,4.113,2.85,
growth_yoy,2024-09-01,45,-0.994,-2.358,
growth_yoy,2024-10-01,45,2.71,1.646,
growth_yoy,2024-11-01,45,1.418,0.21,
growth_yoy,2024-12-01,45,6.942,5.467,
growth_yoy,2025-01-01,45,-9.117,-11.137,
growth_yoy,2025-02-01,45,1.469,-0.77,
growth_yoy,2025-03-01,45,2.287,0.916,
growth_yoy,2025-04-01,45,2.061,0.806,
growth_yoy,2025-05-01,45,1.531,0.379,
growth_yoy,2025-06-01,45,0.726,-0.589,
growth_yoy,2025-07-01,45,1.569,0.919,
growth_yoy,2025-08-01,45,3.981,3.093,
growth_yoy,2025-09-01,45,4.328,3.337,
growth_yoy,2025-10-01,45,8.158,7.236,
growth_yoy,2025-11-01,45,7.975,6.839,
growth_yoy,2025-12-01,45,12.226,10.982,
growth_yoy,2026-01-01,45,17.308,15.9,
growth_yoy,2026-02-01,45,-5.279,-6.537,
growth_mom,2018-02-01,45,-9.534,-5.812,0.578
growth_mom,2018-03-01,45,16.443,8.901,-4.534
growth_mom,2018-04-01,45,-1.725,-4.765,6.824
growth_mom,2018-05-01,45,2.007,4.262,-1.592
growth_mom,2018-06-01,45,5.781,9.212,4.446
growth_mom,2018-07-01,45,6.466,4.698,4.407
growth_mom,2018-08-01,45,-2.84,-3.78,-2.575
growth_mom,2018-09-01,45,-17.103,-15.041,-11.739
growth_mom,2018-10-01,45,8.671,7.654,7.354
growth_mom,2018-11-01,45,1.276,1.537,0.498
growth_mom,2018-12-01,45,-3.169,-3.431,-4.066
growth_mom,2019-01-01,45,2.635,5.079,7.405
growth_mom,2019-02-01,45,-11.703,-7.387,-0.977
growth_mom,2019-03-01,45,16.802,8.946,-1.842
growth_mom,2019-04-01,45,-2.04,-5.061,3.898
growth_mom,2019-05-01,45,8.825,9.889,2.018
growth_mom,2019-06-01,45,-5.404,-0.05,-2.969
growth_mom,2019-07-01,45,7.31,5.178,1.741
growth_mom,2019-08-01,45,-0.071,-2.762,-0.182
growth_mom,2019-09-01,45,-14.408,-12.444,-4.733
growth_mom,2019-10-01,45,7.962,6.431,3.514
growth_mom,2019-11-01,45,0.534,1.464,0.113
growth_mom,2019-12-01,45,-1.709,-2.338,-0.935
growth_mom,2020-01-01,45,-0.856,1.521,0.172
growth_mom,2020-02-01,45,-9.448,-4.873,-2.176
growth_mom,2020-03-01,45,-4.405,-10.009,-16.79
growth_mom,2020-04-01,45,-92.15,-92.924,-91.559
growth_mom,2020-05-01,45,708.961,763.311,742.434
growth_mom,2020-06-01,45,78.892,90.181,78.924
growth_mom,2020-07-01,45,14.321,12.3,2.28
growth_mom,2020-08-01,45,-0.745,-3.663,-0.057
growth_mom,2020-09-01,45,-0.796,-0.07,2.567
growth_mom,2020-10-01,45,-5.778,-6.018,-10.37
growth_mom,2020-11-01,45,-0.479,0.837,0.422
growth_mom,2020-12-01,45,11.498,10.923,8.259
growth_mom,2021-01-01,45,-24.297,-19.81,-18.02
growth_mom,2021-02-01,45,3.303,3.787,11.042
growth_mom,2021-03-01,45,34.568,26.627,9.56
growth_mom,2021-04-01,45,-7.873,-9.137,17.375
growth_mom,2021-05-01,45,-16.185,-19.736,-21.447
growth_mom,2021-06-01,45,-92.02,-91.771,-92.264
growth_mom,2021-07-01,45,118.628,84.978,67.037
growth_mom,2021-08-01,45,188.112,238.222,246.92
growth_mom,2021-09-01,45,85.226,83.481,86.032
growth_mom,2021-10-01,45,31.228,36.157,27.506
growth_mom,2021-11-01,45,-5.534,-5.497,-2.875
growth_mom,2021-12-01,45,8.922,10.066,5.988
growth_mom,2022-01-01,45,-13.327,-11.224,-6.524
growth_mom,2022-02-01,45,-1.409,-2.541,3.217
growth_mom,2022-03-01,45,33.921,26.163,8.323
growth_mom,2022-04-01,45,-7.671,-8.5,15.325
growth_mom,2022-05-01,45,-9.559,-10.516,0.334
growth_mom,2022-06-01,45,15.77,12.175,-3.664
growth_mom,2022-07-01,45,-12.473,-12.945,-10.578
growth_mom,2022-08-01,45,16.996,18.234,13.744
growth_mom,2022-09-01,45,-1.155,-1.385,-9.387
growth_mom,2022-10-01,45,-5.524,-4.396,-7.55
growth_mom,2022-11-01,45,3.985,2.992,3.562
growth_mom,2022-12-01,45,9.325,9.449,1.926
growth_mom,2023-01-01,45,-13.417,-11.577,3.231
growth_mom,2023-02-01,45,8.604,7.885,1.779
growth_mom,2023-03-01,45,10.576,10.196,4.569
growth_mom,2023-04-01,45,-19.781,-21.151,-4.258
growth_mom,2023-05-01,45,16.231,15.989,28.15
growth_mom,2023-06-01,45,-1.879,-1.965,-9.023
growth_mom,2023-07-01,45,1.451,1.665,10.584
growth_mom,2023-08-01,45,7.108,6.771,-4.456
growth_mom,2023-09-01,45,-3.619,-3.922,-13.443
growth_mom,2023-10-01,45,5.203,4.496,-0.008
growth_mom,2023-11-01,45,-1.647,-1.744,-5.029
growth_mom,2023-12-01,45,2.71,2.942,-2.407
growth_mom,2024-01-01,45,-5.1,-4.592,10.992
growth_mom,2024-02-01,45,-1.385,-1.211,-2.684
growth_mom,2024-03-01,45,8.298,7.643,-9.917
growth_mom,2024-04-01,45,-8.202,-7.891,1.738
growth_mom,2024-05-01,45,8.755,8.513,41.802
growth_mom,2024-06-01,45,-9.438,-9.422,-15.553
growth_mom,2024-07-01,45,11.636,11.213,13.906
growth_mom,2024-08-01,45,-0.638,-0.85,-5.257
growth_mom,2024-09-01,45,-8.347,-8.787,-11.799
growth_mom,2024-10-01,45,9.139,8.781,-1.264
growth_mom,2024-11-01,45,-2.885,-3.132,-6.927
growth_mom,2024-12-01,45,8.305,8.342,2.788
growth_mom,2025-01-01,45,-19.351,-19.612,-8.953
growth_mom,2025-02-01,45,10.102,10.313,10.313
growth_mom,2025-03-01,45,9.171,9.472,9.472
growth_mom,2025-04-01,45,-8.404,-7.992,-7.992
growth_mom,2025-05-01,45,8.19,8.053,8.053
growth_mom,2025-06-01,45,-10.156,-10.296,-10.296
growth_mom,2025-07-01,45,12.57,12.9,12.9
growth_mom,2025-08-01,45,1.722,1.286,1.286
growth_mom,2025-09-01,45,-8.042,-8.572,-8.572
growth_mom,2025-10-01,45,13.146,12.887,12.887
growth_mom,2025-11-01,45,-3.049,-3.491,-3.491
growth_mom,2025-12-01,45,12.568,12.544,12.544
growth_mom,2026-01-01,45,-15.699,-16.05,-16.05
growth_mom,2026-02-01,45,-11.098,-11.042,-11.042
abs,2018-01-01,46,49749.912,119.028,119.11
abs,2018-02-01,46,47385.745,114.198,119.616
abs,2018-03-01,46,50674.811,123.144,120.2
abs,2018-04-01,46,48575.188,118.088,120.894
abs,2018-05-01,46,50536.852,124.853,121.867
abs,2018-06-01,46,50405.848,123.58,122.397
abs,2018-07-01,46,49162.608,119.609,122.719
abs,2018-08-01,46,50919.93,125.089,124.527
abs,2018-09-01,46,52381.886,129.477,125.866
abs,2018-10-01,46,51888.91,128.92,125.624
abs,2018-11-01,46,51045.434,123.29,125.566
abs,2018-12-01,46,52745.75,124.584,125.218
abs,2019-01-01,46,52857.934,125.265,125.492
abs,2019-02-01,46,50157.436,118.997,125.253
abs,2019-03-01,46,53210.238,126.991,124.368
abs,2019-04-01,46,51169.358,122.007,125.619
abs,2019-05-01,46,53305.917,129.277,126.655
abs,2019-06-01,46,53640.29,129.786,128.634
abs,2019-07-01,46,52399.872,126.537,129.773
abs,2019-08-01,46,53983.874,131.946,130.63
abs,2019-09-01,46,54838.835,136.006,131.176
abs,2019-10-01,46,53889.593,134.586,130.742
abs,2019-11-01,46,53166.855,129.324,131.471
abs,2019-12-01,46,55602.027,131.354,132.038
abs,2020-01-01,46,55631.202,131.843,128.098
abs,2020-02-01,46,52605.968,124.839,130.672
abs,2020-03-01,46,51777.389,123.762,124.979
abs,2020-04-01,46,37694.129,88.473,92.949
abs,2020-05-01,46,40710.222,99.12,100.697
abs,2020-06-01,46,48971.634,119.761,122.691
abs,2020-07-01,46,50046.588,121.516,126.931
abs,2020-08-01,46,51888.617,127.463,124.863
abs,2020-09-01,46,52518.845,131.598,125.406
abs,2020-10-01,46,53405.459,133.494,127.036
abs,2020-11-01,46,52770.754,128.878,127.019
abs,2020-12-01,46,55290.463,131.436,128.04
abs,2021-01-01,46,55414.807,131.888,127.511
abs,2021-02-01,46,52576.486,125.306,130.713
abs,2021-03-01,46,52728.678,126.362,128.75
abs,2021-04-01,46,52954.623,126.461,132.855
abs,2021-05-01,46,53296.53,126.494,129.235
abs,2021-06-01,46,50722.662,119.222,122.891
abs,2021-07-01,46,49518.929,117.381,122.874
abs,2021-08-01,46,51855.251,123.239,120.46
abs,2021-09-01,46,52983.626,128.062,121.954
abs,2021-10-01,46,55781.241,131.057,124.429
abs,2021-11-01,46,56338.471,130.551,128.045
abs,2021-12-01,46,57584.104,132.327,128.488
abs,2022-01-01,46,58580.565,134.097,129.182
abs,2022-02-01,46,55850.44,126.129,131.07
abs,2022-03-01,46,57240.526,127.841,130.496
abs,2022-04-01,46,59022.649,130.613,138.572
abs,2022-05-01,46,59555.434,130.406,132.622
abs,2022-06-01,46,60514.575,131.977,135.259
abs,2022-07-01,46,59695.883,130.108,135.06
abs,2022-08-01,46,60131.275,132.286,130.347
abs,2022-09-01,46,60038.221,132.421,127.557
abs,2022-10-01,46,59867.783,132.145,126.579
abs,2022-11-01,46,59487.039,131.341,128.566
abs,2022-12-01,46,60308.1,133.802,129.029
abs,2023-01-01,46,60373.542,134.457,129.979
abs,2023-02-01,46,59148.377,130.894,134.472
abs,2023-03-01,46,61597.18,136.46,140.998
abs,2023-04-01,46,60902.016,135.027,134.812
abs,2023-05-01,46,62169.814,137.312,139.252
abs,2023-06-01,46,62384.148,137.896,140.493
abs,2023-07-01,46,63093.34,138.719,142.074
abs,2023-08-01,46,63859.932,140.326,140.099
abs,2023-09-01,46,64182.96,140.023,137.908
abs,2023-10-01,46,63307.765,138.34,135.755
abs,2023-11-01,46,63196.396,138.988,137.417
abs,2023-12-01,46,62933.993,138.35,136.678
abs,2024-01-01,46,63686.518,139.855,137.882
abs,2024-02-01,46,62201.815,136.623,139.915
abs,2024-03-01,46,64080.697,139.52,140.026
abs,2024-04-01,46,63836.819,138.677,139.138
abs,2024-05-01,46,65111.975,141.93,142.492
abs,2024-06-01,46,64893.0,142.345,142.964
abs,2024-07-01,46,66562.391,146.0,147.148
abs,2024-08-01,46,66237.554,145.706,145.645
abs,2024-09-01,46,66471.404,146.746,145.596
abs,2024-10-01,46,66337.868,146.833,145.79
abs,2024-11-01,46,66156.758,145.503,145.108
abs,2024-12-01,46,66501.82,145.336,144.571
abs,2025-01-01,46,66782.938,146.102,146.102
abs,2025-02-01,46,65799.412,144.033,144.033
abs,2025-03-01,46,67755.028,148.3,148.3
abs,2025-04-01,46,67321.183,147.802,147.802
abs,2025-05-01,46,68204.304,150.437,150.437
abs,2025-06-01,46,68294.812,150.971,150.971
abs,2025-07-01,46,70130.411,154.597,154.597
abs,2025-08-01,46,69642.241,153.698,153.698
abs,2025-09-01,46,71053.982,156.496,156.496
abs,2025-10-01,46,71172.769,156.667,156.667
abs,2025-11-01,46,70144.367,154.202,154.202
abs,2025-12-01,46,71067.166,155.535,155.535
abs,2026-01-01,46,70808.259,155.075,155.075
abs,2026-02-01,46,69528.16,152.934,152.934
growth_yoy,2019-01-01,46,6.247,5.241,
growth_yoy,2019-02-01,46,5.849,4.202,
growth_yoy,2019-03-01,46,5.003,3.124,
growth_yoy,2019-04-01,46,5.341,3.318,
growth_yoy,2019-05-01,46,5.479,3.544,
growth_yoy,2019-06-01,46,6.417,5.022,
growth_yoy,2019-07-01,46,6.585,5.793,
growth_yoy,2019-08-01,46,6.017,5.482,
growth_yoy,2019-09-01,46,4.69,5.043,
growth_yoy,2019-10-01,46,3.856,4.395,
growth_yoy,2019-11-01,46,4.156,4.894,
growth_yoy,2019-12-01,46,5.415,5.434,
growth_yoy,2020-01-01,46,5.247,5.251,
growth_yoy,2020-02-01,46,4.882,4.91,
growth_yoy,2020-03-01,46,-2.693,-2.542,
growth_yoy,2020-04-01,46,-26.335,-27.485,
growth_yoy,2020-05-01,46,-23.629,-23.328,
growth_yoy,2020-06-01,46,-8.704,-7.725,
growth_yoy,2020-07-01,46,-4.491,-3.968,
growth_yoy,2020-08-01,46,-3.881,-3.397,
growth_yoy,2020-09-01,46,-4.231,-3.241,
growth_yoy,2020-10-01,46,-0.898,-0.811,
growth_yoy,2020-11-01,46,-0.745,-0.344,
growth_yoy,2020-12-01,46,-0.56,0.063,
growth_yoy,2021-01-01,46,-0.389,0.034,
growth_yoy,2021-02-01,46,-0.056,0.374,
growth_yoy,2021-03-01,46,1.837,2.101,
growth_yoy,2021-04-01,46,40.485,42.936,
growth_yoy,2021-05-01,46,30.917,27.617,
growth_yoy,2021-06-01,46,3.576,-0.45,
growth_yoy,2021-07-01,46,-1.054,-3.402,
growth_yoy,2021-08-01,46,-0.064,-3.314,
growth_yoy,2021-09-01,46,0.885,-2.687,
growth_yoy,2021-10-01,46,4.449,-1.826,
growth_yoy,2021-11-01,46,6.761,1.297,
growth_yoy,2021-12-01,46,4.148,0.678,
growth_yoy,2022-01-01,46,5.713,1.675,
growth_yoy,2022-02-01,46,6.227,0.656,
growth_yoy,2022-03-01,46,8.557,1.17,
growth_yoy,2022-04-01,46,11.459,3.283,
growth_yoy,2022-05-01,46,11.744,3.093,
growth_yoy,2022-06-01,46,19.305,10.699,
growth_yoy,2022-07-01,46,20.552,10.842,
growth_yoy,2022-08-01,46,15.96,7.341,
growth_yoy,2022-09-01,46,13.315,3.404,
growth_yoy,2022-10-01,46,7.326,0.83,
growth_yoy,2022-11-01,46,5.589,0.606,
growth_yoy,2022-12-01,46,4.73,1.115,
growth_yoy,2023-01-01,46,3.061,0.268,
growth_yoy,2023-02-01,46,5.905,3.778,
growth_yoy,2023-03-01,46,7.611,6.741,
growth_yoy,2023-04-01,46,3.184,3.38,
growth_yoy,2023-05-01,46,4.39,5.296,
growth_yoy,2023-06-01,46,3.089,4.485,
growth_yoy,2023-07-01,46,5.691,6.619,
growth_yoy,2023-08-01,46,6.201,6.078,
growth_yoy,2023-09-01,46,6.904,5.741,
growth_yoy,2023-10-01,46,5.746,4.688,
growth_yoy,2023-11-01,46,6.236,5.822,
growth_yoy,2023-12-01,46,4.354,3.399,
growth_yoy,2024-01-01,46,5.487,4.015,
growth_yoy,2024-02-01,46,5.162,4.376,
growth_yoy,2024-03-01,46,4.032,2.243,
growth_yoy,2024-04-01,46,4.819,2.703,
growth_yoy,2024-05-01,46,4.732,3.363,
growth_yoy,2024-06-01,46,4.022,3.226,
growth_yoy,2024-07-01,46,5.498,5.249,
growth_yoy,2024-08-01,46,3.723,3.834,
growth_yoy,2024-09-01,46,3.566,4.801,
growth_yoy,2024-10-01,46,4.786,6.139,
growth_yoy,2024-11-01,46,4.684,4.688,
growth_yoy,2024-12-01,46,5.669,5.049,
growth_yoy,2025-01-01,46,4.862,4.467,
growth_yoy,2025-02-01,46,5.784,5.424,
growth_yoy,2025-03-01,46,5.734,6.293,
growth_yoy,2025-04-01,46,5.458,6.58,
growth_yoy,2025-05-01,46,4.749,5.993,
growth_yoy,2025-06-01,46,5.242,6.06,
growth_yoy,2025-07-01,46,5.36,5.888,
growth_yoy,2025-08-01,46,5.14,5.485,
growth_yoy,2025-09-01,46,6.894,6.644,
growth_yoy,2025-10-01,46,7.288,6.698,
growth_yoy,2025-11-01,46,6.028,5.979,
growth_yoy,2025-12-01,46,6.865,7.018,
growth_yoy,2026-01-01,46,6.027,6.142,
growth_yoy,2026-02-01,46,5.667,6.18,
growth_mom,2018-02-01,46,-4.752,-4.058,0.425
growth_mom,2018-03-01,46,6.941,7.834,0.488
growth_mom,2018-04-01,46,-4.143,-4.106,0.577
growth_mom,2018-05-01,46,4.038,5.729,0.805
growth_mom,2018-06-01,46,-0.259,-1.02,0.435
growth_mom,2018-07-01,46,-2.466,-3.214,0.263
growth_mom,2018-08-01,46,3.575,4.582,1.473
growth_mom,2018-09-01,46,2.871,3.508,1.075
growth_mom,2018-10-01,46,-0.941,-0.43,-0.192
growth_mom,2018-11-01,46,-1.626,-4.367,-0.046
growth_mom,2018-12-01,46,3.331,1.049,-0.277
growth_mom,2019-01-01,46,0.213,0.547,0.219
growth_mom,2019-02-01,46,-5.109,-5.004,-0.19
growth_mom,2019-03-01,46,6.086,6.717,-0.707
growth_mom,2019-04-01,46,-3.836,-3.925,1.006
growth_mom,2019-05-01,46,4.175,5.959,0.825
growth_mom,2019-06-01,46,0.627,0.394,1.563
growth_mom,2019-07-01,46,-2.312,-2.504,0.885
growth_mom,2019-08-01,46,3.023,4.275,0.66
growth_mom,2019-09-01,46,1.584,3.077,0.418
growth_mom,2019-10-01,46,-1.731,-1.044,-0.331
growth_mom,2019-11-01,46,-1.341,-3.91,0.558
growth_mom,2019-12-01,46,4.58,1.57,0.431
growth_mom,2020-01-01,46,0.052,0.372,-2.984
growth_mom,2020-02-01,46,-5.438,-5.312,2.009
growth_mom,2020-03-01,46,-1.575,-0.863,-4.357
growth_mom,2020-04-01,46,-27.2,-28.513,-25.628
growth_mom,2020-05-01,46,8.001,12.033,8.336
growth_mom,2020-06-01,46,20.293,20.825,21.842
growth_mom,2020-07-01,46,2.195,1.465,3.456
growth_mom,2020-08-01,46,3.681,4.895,-1.629
growth_mom,2020-09-01,46,1.215,3.244,0.435
growth_mom,2020-10-01,46,1.688,1.441,1.3
growth_mom,2020-11-01,46,-1.188,-3.458,-0.013
growth_mom,2020-12-01,46,4.775,1.985,0.804
growth_mom,2021-01-01,46,0.225,0.344,-0.413
growth_mom,2021-02-01,46,-5.122,-4.99,2.511
growth_mom,2021-03-01,46,0.289,0.843,-1.502
growth_mom,2021-04-01,46,0.429,0.078,3.188
growth_mom,2021-05-01,46,0.646,0.026,-2.725
growth_mom,2021-06-01,46,-4.829,-5.749,-4.909
growth_mom,2021-07-01,46,-2.373,-1.544,-0.014
growth_mom,2021-08-01,46,4.718,4.991,-1.965
growth_mom,2021-09-01,46,2.176,3.913,1.24
growth_mom,2021-10-01,46,5.28,2.339,2.029
growth_mom,2021-11-01,46,0.999,-0.387,2.906
growth_mom,2021-12-01,46,2.211,1.361,0.346
growth_mom,2022-01-01,46,1.73,1.338,0.54
growth_mom,2022-02-01,46,-4.66,-5.943,1.462
growth_mom,2022-03-01,46,2.489,1.358,-0.438
growth_mom,2022-04-01,46,3.113,2.168,6.189
growth_mom,2022-05-01,46,0.903,-0.158,-4.294
growth_mom,2022-06-01,46,1.611,1.205,1.988
growth_mom,2022-07-01,46,-1.353,-1.417,-0.147
growth_mom,2022-08-01,46,0.729,1.674,-3.49
growth_mom,2022-09-01,46,-0.155,0.102,-2.14
growth_mom,2022-10-01,46,-0.284,-0.208,-0.767
growth_mom,2022-11-01,46,-0.636,-0.608,1.57
growth_mom,2022-12-01,46,1.38,1.874,0.36
growth_mom,2023-01-01,46,0.109,0.489,0.736
growth_mom,2023-02-01,46,-2.029,-2.649,3.457
growth_mom,2023-03-01,46,4.14,4.252,4.852
growth_mom,2023-04-01,46,-1.129,-1.05,-4.387
growth_mom,2023-05-01,46,2.082,1.692,3.294
growth_mom,2023-06-01,46,0.345,0.425,0.891
growth_mom,2023-07-01,46,1.137,0.597,1.125
growth_mom,2023-08-01,46,1.215,1.158,-1.39
growth_mom,2023-09-01,46,0.506,-0.216,-1.565
growth_mom,2023-10-01,46,-1.364,-1.202,-1.561
growth_mom,2023-11-01,46,-0.176,0.468,1.224
growth_mom,2023-12-01,46,-0.415,-0.459,-0.538
growth_mom,2024-01-01,46,1.196,1.088,0.881
growth_mom,2024-02-01,46,-2.331,-2.311,1.474
growth_mom,2024-03-01,46,3.021,2.121,0.08
growth_mom,2024-04-01,46,-0.381,-0.604,-0.634
growth_mom,2024-05-01,46,1.998,2.346,2.41
growth_mom,2024-06-01,46,-0.336,0.292,0.331
growth_mom,2024-07-01,46,2.573,2.568,2.927
growth_mom,2024-08-01,46,-0.488,-0.201,-1.021
growth_mom,2024-09-01,46,0.353,0.714,-0.034
growth_mom,2024-10-01,46,-0.201,0.059,0.134
growth_mom,2024-11-01,46,-0.273,-0.906,-0.468
growth_mom,2024-12-01,46,0.522,-0.115,-0.37
growth_mom,2025-01-01,46,0.423,0.527,1.059
growth_mom,2025-02-01,46,-1.473,-1.416,-1.416
growth_mom,2025-03-01,46,2.972,2.962,2.962
growth_mom,2025-04-01,46,-0.64,-0.336,-0.336
growth_mom,2025-05-01,46,1.312,1.783,1.783
growth_mom,2025-06-01,46,0.133,0.355,0.355
growth_mom,2025-07-01,46,2.688,2.402,2.402
growth_mom,2025-08-01,46,-0.696,-0.581,-0.581
growth_mom,2025-09-01,46,2.027,1.82,1.82
growth_mom,2025-10-01,46,0.167,0.11,0.11
growth_mom,2025-11-01,46,-1.445,-1.573,-1.573
growth_mom,2025-12-01,46,1.316,0.864,0.864
growth_mom,2026-01-01,46,-0.364,-0.296,-0.296
growth_mom,2026-02-01,46,-1.808,-1.38,-1.38
abs,2018-01-01,47,39654.543,124.359,121.441
abs,2018-02-01,47,39222.719,121.6,121.853
abs,2018-03-01,47,40824.936,127.707,122.58
abs,2018-04-01,47,39128.679,119.767,123.609
abs,2018-05-01,47,40860.448,122.311,126.259
abs,2018-06-01,47,42705.665,133.821,131.321
abs,2018-07-01,47,43427.141,135.053,133.685
abs,2018-08-01,47,43478.163,132.62,135.56
abs,2018-09-01,47,41170.812,125.518,128.893
abs,2018-10-01,47,41996.594,130.772,132.673
abs,2018-11-01,47,42858.104,133.882,134.393
abs,2018-12-01,47,44665.884,139.866,135.095
abs,2019-01-01,47,43874.963,138.331,135.478
abs,2019-02-01,47,42542.892,132.903,134.863
abs,2019-03-01,47,43633.733,137.102,132.88
abs,2019-04-01,47,41867.216,129.003,134.696
abs,2019-05-01,47,44066.098,133.836,138.443
abs,2019-06-01,47,46000.434,146.725,142.338
abs,2019-07-01,47,46512.074,146.451,141.943
abs,2019-08-01,47,46466.309,142.505,142.353
abs,2019-09-01,47,44126.111,134.773,141.404
abs,2019-10-01,47,44843.566,139.465,141.812
abs,2019-11-01,47,45879.306,143.345,143.263
abs,2019-12-01,47,47787.499,149.645,144.224
abs,2020-01-01,47,46815.992,147.665,140.94
abs,2020-02-01,47,45202.247,141.408,143.695
abs,2020-03-01,47,40732.217,126.775,127.741
abs,2020-04-01,47,28319.978,82.592,89.702
abs,2020-05-01,47,36952.832,109.749,118.91
abs,2020-06-01,47,41773.663,130.362,127.27
abs,2020-07-01,47,44745.888,138.813,135.063
abs,2020-08-01,47,45775.003,139.005,137.236
abs,2020-09-01,47,44825.587,136.115,138.222
abs,2020-10-01,47,44188.284,135.532,135.348
abs,2020-11-01,47,44827.022,138.87,135.433
abs,2020-12-01,47,46849.461,145.326,136.741
abs,2021-01-01,47,45629.0,143.239,136.071
abs,2021-02-01,47,44273.936,138.716,140.355
abs,2021-03-01,47,44989.737,138.093,140.533
abs,2021-04-01,47,44306.328,134.888,146.734
abs,2021-05-01,47,43349.96,132.086,143.753
abs,2021-06-01,47,40578.697,125.552,122.813
abs,2021-07-01,47,41136.793,125.951,122.898
abs,2021-08-01,47,42366.956,128.036,126.678
abs,2021-09-01,47,44334.357,132.288,133.269
abs,2021-10-01,47,46285.281,138.535,137.86
abs,2021-11-01,47,47838.375,143.436,139.519
abs,2021-12-01,47,48474.223,145.981,137.733
abs,2022-01-01,47,48969.697,147.199,142.868
abs,2022-02-01,47,48783.166,146.236,150.639
abs,2022-03-01,47,49851.164,148.137,152.059
abs,2022-04-01,47,53558.874,157.277,176.093
abs,2022-05-01,47,56018.587,164.047,172.104
abs,2022-06-01,47,56153.865,164.856,161.892
abs,2022-07-01,47,56582.223,165.768,176.5
abs,2022-08-01,47,56980.361,166.539,168.532
abs,2022-09-01,47,57653.485,168.135,175.395
abs,2022-10-01,47,58306.679,169.365,167.435
abs,2022-11-01,47,58740.491,169.657,168.151
abs,2022-12-01,47,59453.889,171.387,165.821
abs,2023-01-01,47,59577.11,171.036,164.93
abs,2023-02-01,47,58158.189,166.821,168.505
abs,2023-03-01,47,58671.136,168.575,172.728
abs,2023-04-01,47,60462.438,173.061,173.715
abs,2023-05-01,47,58829.665,167.92,170.368
abs,2023-06-01,47,59403.646,169.139,170.882
abs,2023-07-01,47,59679.976,170.311,172.531
abs,2023-08-01,47,60543.973,172.841,173.14
abs,2023-09-01,47,61069.78,174.468,174.565
abs,2023-10-01,47,60599.414,173.261,172.377
abs,2023-11-01,47,61313.248,174.509,171.864
abs,2023-12-01,47,62442.838,177.571,171.623
abs,2024-01-01,47,61105.885,173.46,172.765
abs,2024-02-01,47,61532.556,174.451,177.356
abs,2024-03-01,47,62829.503,177.625,177.911
abs,2024-04-01,47,63790.037,179.178,178.04
abs,2024-05-01,47,63956.547,179.279,177.543
abs,2024-06-01,47,64093.551,179.772,180.08
abs,2024-07-01,47,63480.417,178.062,180.472
abs,2024-08-01,47,64119.63,179.669,181.785
abs,2024-09-01,47,64417.283,181.025,181.811
abs,2024-10-01,47,64907.519,181.967,181.368
abs,2024-11-01,47,64847.381,181.69,180.148
abs,2024-12-01,47,65819.373,183.907,180.839
abs,2025-01-01,47,66117.792,184.924,184.924
abs,2025-02-01,47,65069.969,181.453,181.453
abs,2025-03-01,47,66984.165,186.392,186.392
abs,2025-04-01,47,66759.364,185.202,185.202
abs,2025-05-01,47,67067.813,185.979,185.979
abs,2025-06-01,47,67541.602,187.215,187.215
abs,2025-07-01,47,67013.291,185.821,185.821
abs,2025-08-01,47,67327.195,186.33,186.33
abs,2025-09-01,47,68916.174,189.691,189.691
abs,2025-10-01,47,69325.192,190.356,190.356
abs,2025-11-01,47,69015.35,189.653,189.653
abs,2025-12-01,47,70374.86,192.89,192.89
abs,2026-01-01,47,70181.635,191.701,191.701
abs,2026-02-01,47,70070.5,191.201,191.201
growth_yoy,2019-01-01,47,10.643,11.235,
growth_yoy,2019-02-01,47,8.465,9.296,
growth_yoy,2019-03-01,47,6.88,7.356,
growth_yoy,2019-04-01,47,6.999,7.712,
growth_yoy,2019-05-01,47,7.845,9.422,
growth_yoy,2019-06-01,47,7.715,9.643,
growth_yoy,2019-07-01,47,7.104,8.439,
growth_yoy,2019-08-01,47,6.873,7.454,
growth_yoy,2019-09-01,47,7.178,7.373,
growth_yoy,2019-10-01,47,6.779,6.647,
growth_yoy,2019-11-01,47,7.049,7.068,
growth_yoy,2019-12-01,47,6.989,6.992,
growth_yoy,2020-01-01,47,6.703,6.748,
growth_yoy,2020-02-01,47,6.251,6.4,
growth_yoy,2020-03-01,47,-6.65,-7.532,
growth_yoy,2020-04-01,47,-32.358,-35.977,
growth_yoy,2020-05-01,47,-16.142,-17.997,
growth_yoy,2020-06-01,47,-9.189,-11.152,
growth_yoy,2020-07-01,47,-3.797,-5.215,
growth_yoy,2020-08-01,47,-1.488,-2.456,
growth_yoy,2020-09-01,47,1.585,0.996,
growth_yoy,2020-10-01,47,-1.461,-2.82,
growth_yoy,2020-11-01,47,-2.294,-3.122,
growth_yoy,2020-12-01,47,-1.963,-2.886,
growth_yoy,2021-01-01,47,-2.535,-2.998,
growth_yoy,2021-02-01,47,-2.054,-1.904,
growth_yoy,2021-03-01,47,10.452,8.928,
growth_yoy,2021-04-01,47,56.449,63.318,
growth_yoy,2021-05-01,47,17.312,20.353,
growth_yoy,2021-06-01,47,-2.861,-3.69,
growth_yoy,2021-07-01,47,-8.066,-9.266,
growth_yoy,2021-08-01,47,-7.445,-7.891,
growth_yoy,2021-09-01,47,-1.096,-2.812,
growth_yoy,2021-10-01,47,4.746,2.215,
growth_yoy,2021-11-01,47,6.718,3.288,
growth_yoy,2021-12-01,47,3.468,0.451,
growth_yoy,2022-01-01,47,7.321,2.764,
growth_yoy,2022-02-01,47,10.185,5.421,
growth_yoy,2022-03-01,47,10.806,7.273,
growth_yoy,2022-04-01,47,20.883,16.598,
growth_yoy,2022-05-01,47,29.224,24.197,
growth_yoy,2022-06-01,47,38.383,31.305,
growth_yoy,2022-07-01,47,37.547,31.612,
growth_yoy,2022-08-01,47,34.492,30.072,
growth_yoy,2022-09-01,47,30.042,27.098,
growth_yoy,2022-10-01,47,25.972,22.254,
growth_yoy,2022-11-01,47,22.789,18.281,
growth_yoy,2022-12-01,47,22.651,17.404,
growth_yoy,2023-01-01,47,21.661,16.194,
growth_yoy,2023-02-01,47,19.218,14.077,
growth_yoy,2023-03-01,47,17.693,13.797,
growth_yoy,2023-04-01,47,12.89,10.036,
growth_yoy,2023-05-01,47,5.018,2.361,
growth_yoy,2023-06-01,47,5.787,2.598,
growth_yoy,2023-07-01,47,5.475,2.741,
growth_yoy,2023-08-01,47,6.254,3.784,
growth_yoy,2023-09-01,47,5.926,3.767,
growth_yoy,2023-10-01,47,3.932,2.301,
growth_yoy,2023-11-01,47,4.38,2.86,
growth_yoy,2023-12-01,47,5.027,3.608,
growth_yoy,2024-01-01,47,2.566,1.417,
growth_yoy,2024-02-01,47,5.802,4.574,
growth_yoy,2024-03-01,47,7.088,5.368,
growth_yoy,2024-04-01,47,5.504,3.535,
growth_yoy,2024-05-01,47,8.715,6.764,
growth_yoy,2024-06-01,47,7.895,6.286,
growth_yoy,2024-07-01,47,6.368,4.551,
growth_yoy,2024-08-01,47,5.906,3.951,
growth_yoy,2024-09-01,47,5.481,3.758,
growth_yoy,2024-10-01,47,7.109,5.025,
growth_yoy,2024-11-01,47,5.764,4.115,
growth_yoy,2024-12-01,47,5.407,3.568,
growth_yoy,2025-01-01,47,8.202,6.609,
growth_yoy,2025-02-01,47,5.749,4.014,
growth_yoy,2025-03-01,47,6.613,4.935,
growth_yoy,2025-04-01,47,4.655,3.362,
growth_yoy,2025-05-01,47,4.865,3.737,
growth_yoy,2025-06-01,47,5.38,4.141,
growth_yoy,2025-07-01,47,5.565,4.357,
growth_yoy,2025-08-01,47,5.002,3.708,
growth_yoy,2025-09-01,47,6.984,4.788,
growth_yoy,2025-10-01,47,6.806,4.61,
growth_yoy,2025-11-01,47,6.427,4.383,
growth_yoy,2025-12-01,47,6.921,4.885,
growth_yoy,2026-01-01,47,6.146,3.665,
growth_yoy,2026-02-01,47,7.685,5.372,
growth_mom,2018-02-01,47,-1.089,-2.219,0.339
growth_mom,2018-03-01,47,4.085,5.023,0.597
growth_mom,2018-04-01,47,-4.155,-6.218,0.839
growth_mom,2018-05-01,47,4.426,2.125,2.144
growth_mom,2018-06-01,47,4.516,9.41,4.009
growth_mom,2018-07-01,47,1.689,0.921,1.8
growth_mom,2018-08-01,47,0.117,-1.802,1.403
growth_mom,2018-09-01,47,-5.307,-5.355,-4.918
growth_mom,2018-10-01,47,2.006,4.186,2.933
growth_mom,2018-11-01,47,2.051,2.378,1.296
growth_mom,2018-12-01,47,4.218,4.47,0.522
growth_mom,2019-01-01,47,-1.771,-1.097,0.284
growth_mom,2019-02-01,47,-3.036,-3.924,-0.454
growth_mom,2019-03-01,47,2.564,3.159,-1.47
growth_mom,2019-04-01,47,-4.049,-5.907,1.367
growth_mom,2019-05-01,47,5.252,3.746,2.782
growth_mom,2019-06-01,47,4.39,9.631,2.813
growth_mom,2019-07-01,47,1.112,-0.186,-0.278
growth_mom,2019-08-01,47,-0.098,-2.695,0.289
growth_mom,2019-09-01,47,-5.036,-5.426,-0.667
growth_mom,2019-10-01,47,1.626,3.482,0.289
growth_mom,2019-11-01,47,2.31,2.782,1.023
growth_mom,2019-12-01,47,4.159,4.395,0.671
growth_mom,2020-01-01,47,-2.033,-1.323,-2.277
growth_mom,2020-02-01,47,-3.447,-4.237,1.955
growth_mom,2020-03-01,47,-9.889,-10.348,-11.103
growth_mom,2020-04-01,47,-30.473,-34.851,-29.778
growth_mom,2020-05-01,47,30.483,32.88,32.561
growth_mom,2020-06-01,47,13.046,18.782,7.031
growth_mom,2020-07-01,47,7.115,6.482,6.123
growth_mom,2020-08-01,47,2.3,0.138,1.609
growth_mom,2020-09-01,47,-2.074,-2.08,0.718
growth_mom,2020-10-01,47,-1.422,-0.428,-2.079
growth_mom,2020-11-01,47,1.445,2.463,0.063
growth_mom,2020-12-01,47,4.512,4.649,0.966
growth_mom,2021-01-01,47,-2.605,-1.436,-0.49
growth_mom,2021-02-01,47,-2.97,-3.157,3.148
growth_mom,2021-03-01,47,1.617,-0.449,0.127
growth_mom,2021-04-01,47,-1.519,-2.321,4.412
growth_mom,2021-05-01,47,-2.159,-2.078,-2.032
growth_mom,2021-06-01,47,-6.393,-4.947,-14.567
growth_mom,2021-07-01,47,1.375,0.318,0.069
growth_mom,2021-08-01,47,2.99,1.655,3.076
growth_mom,2021-09-01,47,4.644,3.321,5.203
growth_mom,2021-10-01,47,4.4,4.722,3.445
growth_mom,2021-11-01,47,3.355,3.538,1.203
growth_mom,2021-12-01,47,1.329,1.775,-1.28
growth_mom,2022-01-01,47,1.022,0.834,3.729
growth_mom,2022-02-01,47,-0.381,-0.654,5.439
growth_mom,2022-03-01,47,2.189,1.3,0.942
growth_mom,2022-04-01,47,7.438,6.17,15.806
growth_mom,2022-05-01,47,4.593,4.305,-2.265
growth_mom,2022-06-01,47,0.241,0.493,-5.934
growth_mom,2022-07-01,47,0.763,0.553,9.023
growth_mom,2022-08-01,47,0.704,0.465,-4.514
growth_mom,2022-09-01,47,1.181,0.958,4.072
growth_mom,2022-10-01,47,1.133,0.731,-4.539
growth_mom,2022-11-01,47,0.744,0.173,0.428
growth_mom,2022-12-01,47,1.214,1.02,-1.386
growth_mom,2023-01-01,47,0.207,-0.205,-0.537
growth_mom,2023-02-01,47,-2.382,-2.464,2.168
growth_mom,2023-03-01,47,0.882,1.052,2.506
growth_mom,2023-04-01,47,3.053,2.661,0.571
growth_mom,2023-05-01,47,-2.7,-2.971,-1.927
growth_mom,2023-06-01,47,0.976,0.726,0.302
growth_mom,2023-07-01,47,0.465,0.693,0.965
growth_mom,2023-08-01,47,1.448,1.485,0.353
growth_mom,2023-09-01,47,0.868,0.942,0.823
growth_mom,2023-10-01,47,-0.77,-0.692,-1.254
growth_mom,2023-11-01,47,1.178,0.72,-0.298
growth_mom,2023-12-01,47,1.842,1.755,-0.14
growth_mom,2024-01-01,47,-2.141,-2.315,0.665
growth_mom,2024-02-01,47,0.698,0.572,2.657
growth_mom,2024-03-01,47,2.108,1.819,0.313
growth_mom,2024-04-01,47,1.529,0.874,0.073
growth_mom,2024-05-01,47,0.261,0.056,-0.279
growth_mom,2024-06-01,47,0.214,0.275,1.429
growth_mom,2024-07-01,47,-0.957,-0.951,0.218
growth_mom,2024-08-01,47,1.007,0.902,0.728
growth_mom,2024-09-01,47,0.464,0.755,0.014
growth_mom,2024-10-01,47,0.761,0.521,-0.244
growth_mom,2024-11-01,47,-0.093,-0.153,-0.673
growth_mom,2024-12-01,47,1.499,1.22,0.384
growth_mom,2025-01-01,47,0.453,0.553,2.259
growth_mom,2025-02-01,47,-1.585,-1.877,-1.877
growth_mom,2025-03-01,47,2.942,2.722,2.722
growth_mom,2025-04-01,47,-0.336,-0.639,-0.639
growth_mom,2025-05-01,47,0.462,0.42,0.42
growth_mom,2025-06-01,47,0.706,0.665,0.665
growth_mom,2025-07-01,47,-0.782,-0.745,-0.745
growth_mom,2025-08-01,47,0.468,0.274,0.274
growth_mom,2025-09-01,47,2.36,1.804,1.804
growth_mom,2025-10-01,47,0.594,0.35,0.35
growth_mom,2025-11-01,47,-0.447,-0.369,-0.369
growth_mom,2025-12-01,47,1.97,1.707,1.707
growth_mom,2026-01-01,47,-0.275,-0.617,-0.617
growth_mom,2026-02-01,47,-0.158,-0.261,-0.261
